{"global_step": 57285, "_timestamp": 1736863431.411189, "eval/episodic_return": -339.8917541503906, "eval/episodic_lengths": 325.79998779296875, "_runtime": 60.46503806114197, "_step": 201, "charts/episodic_return": -9.60136890411377, "charts/episodic_length": 1000.0, "charts/learning_rate": 0.00028401639428921044, "losses/value_loss": 0.01974928379058838, "losses/policy_loss": 0.013193536549806595, "losses/entropy": 2.6747093200683594, "losses/old_approx_kl": 0.021626990288496017, "losses/approx_kl": 0.006234775297343731, "losses/clipfrac": 0.09819336235523224, "losses/explained_variance": 0.8375172019004822, "charts/SPS": 950.0}