{"global_step": 686932, "_timestamp": 1736863949.3001952, "eval/episodic_return": -257.8939514160156, "eval/episodic_lengths": 338.1000061035156, "_runtime": 507.5015571117401, "_step": 1276, "charts/episodic_return": -67.63935089111328, "charts/episodic_length": 195.0, "charts/learning_rate": 9.836065873969346e-05, "losses/value_loss": 0.012676060199737549, "losses/policy_loss": -0.001192685216665268, "losses/entropy": 1.4118824005126953, "losses/old_approx_kl": 0.007490840740501881, "losses/approx_kl": 0.0037643155083060265, "losses/clipfrac": 0.02717285230755806, "losses/explained_variance": 0.7829623818397522, "charts/SPS": 1352.0}